<?xml version="1.0"?>
<doc>
    <assembly>
        <name>Parky</name>
    </assembly>
    <members>
        <member name="M:Parky.Controllers.NationalParkController.GetNationalParks">
            <summary>
            Get Alls
            </summary>
            <returns></returns>
        </member>
        <member name="M:Parky.Controllers.NationalParkController.GetNationalPark(System.Int32)">
            <summary>
            Get by Id
            </summary>
            <param name="id"></param>
            <returns></returns>
        </member>
        <member name="M:Parky.Controllers.NationalParkController.CreateNationalPark(Parky.Models.NationalParkDto)">
            <summary>
            Create
            </summary>
            <param name="nationalParkDto"></param>
            <returns></returns>
        </member>
        <member name="M:Parky.Controllers.NationalParkController.UpdateNationalPark(System.Int32,Parky.Models.NationalParkDto)">
            <summary>
            update
            </summary>
            <param name="id"></param>
            <param name="nationalParkDto"></param>
            <returns></returns>
        </member>
        <member name="M:Parky.Controllers.NationalParkController.DeleteNationalPark(System.Int32)">
            <summary>
            Delete
            </summary>
            <param name="id"></param>
            <returns></returns>
        </member>
    </members>
</doc>
